Total_sales,Total_orders,Total_profit,Avg profit margion,Top Categories,Best Region,Best Segment
12486167.100000001,1000,3098359.32,24.814334897055794,829356.03,South,Corporate
12486167.100000001,1000,3098359.32,24.814334897055794,825902.31,South,Corporate
12486167.100000001,1000,3098359.32,24.814334897055794,787336.41,South,Corporate
12486167.100000001,1000,3098359.32,24.814334897055794,655764.57,South,Corporate
